{"duration": 0.24536705017089844, "input_args": {"cutoff_year": "'2018-19'"}, "time": 1752718104.840864}