{"duration": 0.23716497421264648, "input_args": {"cutoff_year": "'2018-19'"}, "time": 1756177680.261516}