{"duration": 0.2704141139984131, "input_args": {"cutoff_year": "'2022-23'"}, "time": 1752718106.399842}