{"duration": 0.2664151191711426, "input_args": {"cutoff_year": "'2017-18'"}, "time": 1752718104.490015}