{"duration": 0.28079986572265625, "input_args": {"cutoff_year": "'2016-17'"}, "time": 1752718103.797121}