{"duration": 0.25664210319519043, "input_args": {"cutoff_year": "'2022-23'"}, "time": 1756177681.638783}