{"duration": 0.2675480842590332, "input_args": {"cutoff_year": "'2021-22'"}, "time": 1752718106.026886}