{"duration": 0.24637484550476074, "input_args": {"cutoff_year": "'2017-18'"}, "time": 1756177679.96784}