{"duration": 0.2544748783111572, "input_args": {"cutoff_year": "'2020-21'"}, "time": 1756177680.9642859}