{"duration": 0.2655668258666992, "input_args": {"cutoff_year": "'2016-17'"}, "time": 1756177679.281114}