{"duration": 0.27271008491516113, "input_args": {"cutoff_year": "'2019-20'"}, "time": 1752718105.2101178}