{"duration": 0.2524538040161133, "input_args": {"cutoff_year": "'2019-20'"}, "time": 1756177680.649415}