{"duration": 0.2590341567993164, "input_args": {"cutoff_year": "'2021-22'"}, "time": 1756177681.305862}