{"duration": 0.26358985900878906, "input_args": {"cutoff_year": "'2024-25'"}, "time": 1756177682.304438}