{"duration": 0.2678852081298828, "input_args": {"cutoff_year": "'2023-24'"}, "time": 1756177681.973377}