{"duration": 0.3940849304199219, "input_args": {"cutoff_year": "'2023-24'"}, "time": 1752718106.8395379}