{"duration": 0.2672441005706787, "input_args": {"cutoff_year": "'2020-21'"}, "time": 1752718105.627786}