{"duration": 0.3133199214935303, "input_args": {"cutoff_year": "'2024-25'"}, "time": 1752718107.249368}